u,max_error,mean_error,std_error
30,0.121014250351324,0.0403110468729269,0.0197980518313326
60,2.20287478146879,0.538356324734594,0.51555254293207
