u,max_error,mean_error,std_error
30,0.0771800045725247,0.0313440619979363,0.0144376234692465
60,1.42086863358782,0.242128615653704,0.279053869928891
