u,max_error,mean_error,std_error
50,1.23346212623109,0.293755200112858,0.268467769021324
