u,max_error,mean_error,std_error
30,2.52834622977295,0.559517098912919,0.555998051287252
60,3.59369241271197,1.25769197058126,0.862075417167539
