u,max_error,mean_error,std_error
30,3.40437391403419,0.748764100768008,0.905156158198692
60,5.09721637068059,1.58804049982088,1.61416514251358
