u,max_error,mean_error,std_error
30,0.232412761354967,0.037173435000366,0.0233126574848625
50,0.580479697201304,0.136097467005436,0.125680206782637
70,13.6128220402283,3.35613375713917,3.43469496616116
