u,look_ahead,max_error,reached_flg,steps_to_finish,mean_error,std_error
30,5,0.163715271047551,1,7555,0.0399966350924843,0.034436055839714
30,30,3.40867004142458,1,7381,0.512045032577144,0.860656954665695
70,5,14.1573502760606,1,9997,3.81364291264766,4.99626960463161
70,30,4.4459637553568,1,3212,0.928700228754569,1.01579683621357
