u,look_ahead,max_error,reached_flg,steps_to_finish,mean_error,std_error
80,15,3.04972335309587,1,2845,0.673492404891501,0.863375671149589
